,date,file_path,debate_title,country
0,2010-11-29,Data/speeches/UK/018 FIFA World Cup 2010-11-29.json,2018 FIFA World Cup,2.0
1,2010-12-07,Data/speeches/UK/dult Social Care 2010-12-07.json,Adult Social Care,2.0
2,2010-12-08,Data/speeches/UK/erospace Industry 2010-12-08.json,Aerospace Industry,2.0
3,2010-11-30,Data/speeches/UK/lternative Vote Referendum 2010-11-30.json,Alternative Vote Referendum,2.0
4,2010-12-06,Data/speeches/UK/rctic Ice Cap 2010-12-06.json,Arctic Ice Cap,2.0
5,2010-11-29,Data/tmp_text_files/UK/Arrangement of Business 2010-11-29.txt,,
6,2010-11-30,Data/tmp_text_files/UK/Arrangement of Business 2010-11-30 (1).txt,,
7,2010-11-30,Data/tmp_text_files/UK/Arrangement of Business 2010-11-30 (2).txt,,
8,2010-11-30,Data/tmp_text_files/UK/Arrangement of Business 2010-11-30.txt,,
9,2010-12-03,Data/tmp_text_files/UK/Arrangement of Business 2010-12-03.txt,,
10,2010-12-07,Data/tmp_text_files/UK/Arrangement of Business 2010-12-07.txt,,
11,2010-12-08,Data/tmp_text_files/UK/Arrangement of Business 2010-12-08.txt,,
12,2010-12-01,Data/speeches/UK/sylum Seekers 2010-12-01.json,Asylum Seekers,2.0
13,2010-11-30,Data/speeches/UK/ttorney-General 2010-11-30.json,Attorney-General,2.0
14,2010-11-30,Data/speeches/UK/uckland Castle Paintings 2010-11-30.json,Auckland Castle Paintings,2.0
15,2010-12-07,Data/speeches/UK/utism 2010-12-07.json,Autism,2.0
16,2010-11-29,Data/speeches/UK/utumn Forecast 2010-11-29 (1).json,Autumn Forecast,2.0
17,2010-11-29,Data/speeches/UK/utumn Forecast 2010-11-29.json,Autumn Forecast,2.0
18,2010-11-25,Data/tmp_text_files/UK/Backbench Business 2010-11-25.txt,,
19,2010-11-29,Data/tmp_text_files/UK/Backbench Business 2010-11-29.txt,,
20,2010-12-02,Data/tmp_text_files/UK/Backbench Business 2010-12-02 (1).txt,,
21,2010-12-02,Data/tmp_text_files/UK/Backbench Business 2010-12-02.txt,,
22,2010-11-29,Data/speeches/UK/anking Reform 2010-11-29.json,Banking Reform,2.0
23,2010-12-07,Data/speeches/UK/anking_ Liability. 2010-12-07.json,Banking: Liability.,2.0
24,2010-12-07,Data/speeches/UK/ankruptcy 2010-12-07.json,Bankruptcy,2.0
25,2010-12-08,Data/speeches/UK/enefits Uprating 2010-12-08.json,Benefits Uprating,2.0
26,2010-12-09,Data/speeches/UK/iodiversity 2010-12-09.json,Biodiversity,2.0
27,2010-11-24,Data/speeches/UK/ookmakers and Planning (Haringey) 2010-11-24.json,Bookmakers and Planning (Haringey),2.0
28,2010-11-30,Data/speeches/UK/reast Cancer Screening (Young Women) 2010-11-30.json,Breast Cancer Screening (Young Women),2.0
29,2010-12-09,Data/speeches/UK/roadband 2010-12-09.json,Broadband,2.0
30,2010-12-09,Data/speeches/UK/udget Responsibility and National  Audit Bill [HL] 2010-12-09.json,Budget Responsibility and National  Audit Bill [HL],2.0
31,2010-11-25,Data/tmp_text_files/UK/Budget Responsibility and National Audit Bill [HL] 2010-11-25.txt,,
32,2010-11-29,Data/speeches/UK/udget Responsibility and National Audit Bill [HL] 2010-11-29.json,Budget Responsibility and National Audit Bill [HL],2.0
33,2010-12-01,Data/speeches/UK/udget Responsibility and National Audit Bill [HL] 2010-12-01.json,Budget Responsibility and National Audit Bill [HL],2.0
34,2010-12-06,Data/speeches/UK/udget Responsibility and National Audit Bill [HL] 2010-12-06.json,Budget Responsibility and National Audit Bill [HL],2.0
35,2010-12-09,Data/speeches/UK/us Service (Walsall) 2010-12-09.json,Bus Service (Walsall),2.0
36,2010-12-02,Data/speeches/UK/us Services 2010-12-02.json,Bus Services,2.0
37,2010-12-08,Data/speeches/UK/usiness of the House (Thursday) 2010-12-08.json,Business of the House (Thursday),2.0
38,2010-11-25,Data/tmp_text_files/UK/Business of the House 2010-11-25 (1).txt,,
39,2010-11-25,Data/speeches/UK/usiness of the House 2010-11-25.json,Business of the House,2.0
40,2010-11-29,Data/speeches/UK/usiness of the House 2010-11-29.json,Business of the House,2.0
41,2010-12-02,Data/tmp_text_files/UK/Business of the House 2010-12-02 (1).txt,,
42,2010-12-02,Data/speeches/UK/usiness of the House 2010-12-02.json,Business of the House,2.0
43,2010-12-09,Data/speeches/UK/usiness of the House 2010-12-09 (1).json,Business of the House,2.0
44,2010-12-09,Data/speeches/UK/usiness of the House 2010-12-09.json,Business of the House,2.0
45,2010-11-30,Data/speeches/UK/usiness Plans 2010-11-30.json,Business Plans,2.0
46,2010-11-24,Data/tmp_text_files/UK/Business without Debate 2010-11-24.txt,,
47,2010-11-25,Data/tmp_text_files/UK/Business without Debate 2010-11-25.txt,,
48,2010-11-29,Data/tmp_text_files/UK/Business without Debate 2010-11-29.txt,,
49,2010-11-30,Data/tmp_text_files/UK/Business Without Debate 2010-11-30.txt,,
50,2010-12-01,Data/tmp_text_files/UK/Business without Debate 2010-12-01.txt,,
51,2010-12-02,Data/tmp_text_files/UK/Business without Debate 2010-12-02.txt,,
52,2010-12-03,Data/speeches/UK/usiness without Debate 2010-12-03.json,Business without Debate,2.0
53,2010-12-06,Data/speeches/UK/usiness without Debate 2010-12-06.json,Business without Debate,2.0
54,2010-12-07,Data/speeches/UK/usiness without Debate 2010-12-07.json,Business without Debate,2.0
55,2010-12-08,Data/tmp_text_files/UK/Business without Debate 2010-12-08.txt,,
56,2010-12-09,Data/tmp_text_files/UK/Business without Debate 2010-12-09 (1).txt,,
57,2010-12-09,Data/tmp_text_files/UK/Business without Debate 2010-12-09.txt,,
58,2010-12-07,Data/tmp_text_files/UK/Business_ Oral Statements 2010-12-07.txt,,
59,2010-11-24,Data/speeches/UK/abinet Office 2010-11-24.json,Cabinet Office,2.0
60,2010-12-01,Data/speeches/UK/andour in Health Care 2010-12-01.json,Candour in Health Care,2.0
61,2010-11-30,Data/speeches/UK/entral Asia and South Caucasus 2010-11-30.json,Central Asia and South Caucasus,2.0
62,2010-12-09,Data/speeches/UK/hildren_ Adoption 2010-12-09.json,Children: Adoption,2.0
63,2010-11-24,Data/speeches/UK/hildren_ Care 2010-11-24.json,Children: Care,2.0
64,2010-11-30,Data/speeches/UK/hristians in Iraq 2010-11-30.json,Christians in Iraq,2.0
65,2010-11-30,Data/speeches/UK/hurch Commissioners 2010-11-30 (1).json,Church Commissioners,2.0
66,2010-11-30,Data/speeches/UK/hurch Commissioners 2010-11-30 (2).json,Church Commissioners,2.0
67,2010-11-30,Data/speeches/UK/hurch Commissioners 2010-11-30.json,Church Commissioners,2.0
68,2010-11-30,Data/speeches/UK/hurches Conservation Trust 2010-11-30.json,Churches Conservation Trust,2.0
69,2010-11-24,Data/speeches/UK/ivil Service Compensation Scheme 2010-11-24.json,Civil Service Compensation Scheme,2.0
70,2010-12-08,Data/speeches/UK/ivilian Deaths (Ballymurphy) 2010-12-08.json,Civilian Deaths (Ballymurphy),2.0
71,2010-11-30,Data/speeches/UK/oalition Government 2010-11-30.json,Coalition Government,2.0
72,2010-12-09,Data/speeches/UK/ommon Fisheries Policy 2010-12-09.json,Common Fisheries Policy,2.0
73,2010-11-24,Data/speeches/UK/ommons Chamber 2010-11-24.json,Commons Chamber,2.0
74,2010-11-25,Data/speeches/UK/ommons Chamber 2010-11-25.json,Commons Chamber,2.0
75,2010-11-29,Data/speeches/UK/ommons Chamber 2010-11-29.json,Commons Chamber,2.0
76,2010-11-30,Data/speeches/UK/ommons Chamber 2010-11-30.json,Commons Chamber,2.0
77,2010-12-01,Data/speeches/UK/ommons Chamber 2010-12-01.json,Commons Chamber,2.0
78,2010-12-02,Data/speeches/UK/ommons Chamber 2010-12-02.json,Commons Chamber,2.0
79,2010-12-03,Data/speeches/UK/ommons Chamber 2010-12-03.json,Commons Chamber,2.0
80,2010-12-06,Data/speeches/UK/ommons Chamber 2010-12-06.json,Commons Chamber,2.0
81,2010-12-07,Data/speeches/UK/ommons Chamber 2010-12-07.json,Commons Chamber,2.0
82,2010-12-08,Data/speeches/UK/ommons Chamber 2010-12-08.json,Commons Chamber,2.0
83,2010-12-09,Data/speeches/UK/ommons Chamber 2010-12-09.json,Commons Chamber,2.0
84,2010-12-01,Data/speeches/UK/ommonwealth Games 2010-12-01.json,Commonwealth Games,2.0
85,2010-11-25,Data/speeches/UK/ommunities and Local Government 2010-11-25.json,Communities and Local Government,2.0
86,2010-11-25,Data/speeches/UK/ommunity Ownership (Assets and Facilities) 2010-11-25.json,Community Ownership (Assets and Facilities),2.0
87,2010-11-24,Data/speeches/UK/oncessionary Travel 2010-11-24.json,Concessionary Travel,2.0
88,2010-12-09,Data/tmp_text_files/UK/consolidated fund bill 2010-12-09.txt,,
89,2010-11-24,Data/speeches/UK/onstitutional Law 2010-11-24.json,Constitutional Law,2.0
90,2010-11-30,Data/speeches/UK/onstitutional Law 2010-11-30.json,Constitutional Law,2.0
91,2010-11-24,Data/speeches/UK/onsultancy 2010-11-24.json,Consultancy,2.0
92,2010-11-30,Data/speeches/UK/onsumer Protection (Private Car Parks) 2010-11-30.json,Consumer Protection (Private Car Parks),2.0
93,2010-12-07,Data/speeches/UK/ontaminated Blood Products 2010-12-07.json,Contaminated Blood Products,2.0
94,2010-11-24,Data/speeches/UK/oroners and Justice Act 2009 2010-11-24.json,Coroners and Justice Act 2009,2.0
95,2010-12-08,Data/tmp_text_files/UK/Council Housing (Local Financing Pathfinders) 2010-12-08.txt,,
96,2010-11-29,Data/speeches/UK/reative Industries 2010-11-29.json,Creative Industries,2.0
97,2010-12-06,Data/speeches/UK/riminal Records Bureau 2010-12-06.json,Criminal Records Bureau,2.0
98,2010-12-07,Data/speeches/UK/rown Currency Exchange 2010-12-07.json,Crown Currency Exchange,2.0
99,2010-11-29,"Data/speeches/UK/ulture, Media and Sport 2010-11-29.json","Culture, Media and Sport",2.0
100,2010-12-02,Data/speeches/UK/ycling 2010-12-02.json,Cycling,2.0
101,2010-12-03,Data/speeches/UK/aylight Saving Bill 2010-12-03.json,Daylight Saving Bill,2.0
102,2010-12-08,Data/speeches/UK/efence Spending (Wales) 2010-12-08.json,Defence Spending (Wales),2.0
103,2010-11-29,Data/speeches/UK/ental Practitioners 2010-11-29.json,Dental Practitioners,2.0
104,2010-11-30,Data/speeches/UK/eputy Prime Minister 2010-11-30.json,Deputy Prime Minister,2.0
105,2010-12-07,Data/speeches/UK/etention of Palestinian Children  (West Bank) 2010-12-07.json,Detention of Palestinian Children  (West Bank),2.0
106,2010-12-08,Data/speeches/UK/iamond Jubilee 2010-12-08.json,Diamond Jubilee,2.0
107,2010-11-30,Data/speeches/UK/isability Allowance 2010-11-30.json,Disability Allowance,2.0
108,2010-12-09,Data/speeches/UK/og Control Notices 2010-12-09.json,Dog Control Notices,2.0
109,2010-11-30,Data/speeches/UK/omestic Violence 2010-11-30.json,Domestic Violence,2.0
110,2010-12-06,Data/speeches/UK/-Borders 2010-12-06.json,e-Borders,2.0
111,2010-11-24,Data/tmp_text_files/UK/Economic Affairs Committee 2010-11-24.txt,,
112,2010-12-01,Data/speeches/UK/conomy 2010-12-01 (1).json,Economy,2.0
113,2010-12-01,Data/speeches/UK/conomy 2010-12-01 (2).json,Economy,2.0
114,2010-12-01,Data/speeches/UK/conomy 2010-12-01.json,Economy,2.0
115,2010-12-09,Data/speeches/UK/conomy_ Growth 2010-12-09.json,Economy: Growth,2.0
116,2010-11-30,Data/speeches/UK/conomy_ Manufacturing 2010-11-30.json,Economy: Manufacturing,2.0
117,2010-12-09,Data/speeches/UK/ducational Access Programme 2010-12-09.json,Educational Access Programme,2.0
118,2010-11-30,Data/speeches/UK/lectoral Commission Committee 2010-11-30 (1).json,Electoral Commission Committee,2.0
119,2010-11-30,Data/speeches/UK/lectoral Commission Committee 2010-11-30 (2).json,Electoral Commission Committee,2.0
120,2010-11-30,Data/speeches/UK/lectoral Commission Committee 2010-11-30.json,Electoral Commission Committee,2.0
121,2010-11-30,Data/speeches/UK/lectoral Register 2010-11-30.json,Electoral Register,2.0
122,2010-12-01,Data/speeches/UK/mployment 2010-12-01.json,Employment,2.0
123,2010-11-25,Data/speeches/UK/mpty Homes 2010-11-25.json,Empty Homes,2.0
124,2010-12-07,Data/speeches/UK/nd-of-Life Care 2010-12-07.json,End-of-Life Care,2.0
125,2010-12-01,Data/speeches/UK/nergy 2010-12-01.json,Energy,2.0
126,2010-12-08,Data/tmp_text_files/UK/Energy Bill [HL] 2010-12-08.txt,,
127,2010-12-07,Data/speeches/UK/nergy Industry (East Anglia) 2010-12-07.json,Energy Industry (East Anglia),2.0
128,2010-11-24,Data/speeches/UK/ngagements 2010-11-24.json,Engagements,2.0
129,2010-12-01,Data/speeches/UK/ngagements 2010-12-01.json,Engagements,2.0
130,2010-12-08,Data/speeches/UK/ngagements 2010-12-08 (1).json,Engagements,2.0
131,2010-12-08,Data/speeches/UK/ngagements 2010-12-08.json,Engagements,2.0
132,2010-12-09,"Data/speeches/UK/nvironment, Food and Rural Affairs 2010-12-09.json","Environment, Food and Rural Affairs",2.0
133,2010-11-24,Data/tmp_text_files/UK/Epilepsy and Related Conditions (Education and Health Services) 2010-11-24.txt,,
134,2010-11-24,Data/speeches/UK/quitable Life (Payments) Bill 2010-11-24.json,Equitable Life (Payments) Bill,2.0
135,2010-12-08,Data/tmp_text_files/UK/Estimates Day 2010-12-08.txt,,
136,2010-12-09,Data/speeches/UK/uropean Single Market 2010-12-09.json,European Single Market,2.0
137,2010-12-09,Data/speeches/UK/uropean Union (Definition of Treaties) (Partnership and Cooperation Agreement) (Republic of Indonesia) Order 2010 2010-12-09.json,European Union (Definition of Treaties) (Partnership and Cooperation Agreement) (Republic of Indonesia) Order 2010,2.0
138,2010-12-07,Data/speeches/UK/uropean Union Bill 2010-12-07.json,European Union Bill,2.0
139,2010-12-02,Data/speeches/UK/U_ Budgets 2010-12-02.json,EU: Budgets,2.0
140,2010-11-29,Data/speeches/UK/ibre-optic Broadband 2010-11-29.json,Fibre-optic Broadband,2.0
141,2010-11-25,Data/speeches/UK/irst-time Buyers 2010-11-25.json,First-time Buyers,2.0
142,2010-12-02,Data/speeches/UK/isheries 2010-12-02.json,Fisheries,2.0
143,2010-11-24,Data/tmp_text_files/UK/Fixed-term Parliaments Bill (Programme) (No. 2) 2010-11-24.txt,,
144,2010-11-24,Data/speeches/UK/ixed-term Parliaments Bill 2010-11-24.json,Fixed-term Parliaments Bill,2.0
145,2010-12-01,Data/speeches/UK/ixed-term Parliaments Bill 2010-12-01.json,Fixed-term Parliaments Bill,2.0
146,2010-12-09,Data/speeches/UK/lood Defences 2010-12-09.json,Flood Defences,2.0
147,2010-11-24,Data/speeches/UK/looding_ Cornwall 2010-11-24.json,Flooding: Cornwall,2.0
148,2010-12-08,Data/speeches/UK/ootball Grounds (Regulation) 2010-12-08.json,Football Grounds (Regulation),2.0
149,2010-12-08,Data/tmp_text_files/UK/Further and Higher Education Funding 2010-12-08.txt,,
150,2010-12-03,Data/speeches/UK/angmasters Licensing (Extension to Construction Industry) Bill 2010-12-03.json,Gangmasters Licensing (Extension to Construction Industry) Bill,2.0
151,2010-11-30,Data/speeches/UK/aza 2010-11-30.json,Gaza,2.0
152,2010-11-24,Data/speeches/UK/overnment Contracts 2010-11-24 (1).json,Government Contracts,2.0
153,2010-11-24,Data/speeches/UK/overnment Contracts 2010-11-24.json,Government Contracts,2.0
154,2010-12-07,Data/speeches/UK/P-led Commissioning Consortiums 2010-12-07.json,GP-led Commissioning Consortiums,2.0
155,2010-11-29,Data/speeches/UK/rand Committee 2010-11-29.json,Grand Committee,2.0
156,2010-11-30,Data/speeches/UK/rand Committee 2010-11-30 (1).json,Grand Committee,2.0
157,2010-11-30,Data/tmp_text_files/UK/Grand Committee 2010-11-30.txt,,
158,2010-12-01,Data/speeches/UK/rand Committee 2010-12-01 (1).json,Grand Committee,2.0
159,2010-12-01,Data/tmp_text_files/UK/Grand Committee 2010-12-01.txt,,
160,2010-12-06,Data/speeches/UK/rand Committee 2010-12-06 (1).json,Grand Committee,2.0
161,2010-12-06,Data/tmp_text_files/UK/Grand Committee 2010-12-06.txt,,
162,2010-12-08,Data/speeches/UK/rand Committee 2010-12-08 (1).json,Grand Committee,2.0
163,2010-12-08,Data/tmp_text_files/UK/Grand Committee 2010-12-08.txt,,
164,2010-12-09,Data/speeches/UK/rand Committee 2010-12-09 (1).json,Grand Committee,2.0
165,2010-12-09,Data/tmp_text_files/UK/Grand Committee 2010-12-09.txt,,
166,2010-12-07,Data/speeches/UK/ypsy and Traveller Sites 2010-12-07.json,Gypsy and Traveller Sites,2.0
167,2010-12-07,Data/speeches/UK/ealth 2010-12-07.json,Health,2.0
168,2010-11-25,Data/speeches/UK/ealth and Safety_ Common Sense Common Safety 2010-11-25.json,Health and Safety: Common Sense Common Safety,2.0
169,2010-12-01,Data/speeches/UK/ealth Care (North Yorkshire and York) 2010-12-01.json,Health Care (North Yorkshire and York),2.0
170,2010-11-29,Data/speeches/UK/ealth_ Academic Health Partnerships 2010-11-29.json,Health: Academic Health Partnerships,2.0
171,2010-11-30,Data/speeches/UK/ealth_ Passive Smoking 2010-11-30.json,Health: Passive Smoking,2.0
172,2010-12-09,Data/speeches/UK/igher Education Fees 2010-12-09.json,Higher Education Fees,2.0
173,2010-12-09,Data/speeches/UK/igher Level Stewardship Schemes 2010-12-09.json,Higher Level Stewardship Schemes,2.0
174,2010-12-01,Data/speeches/UK/IV 2010-12-01 (1).json,HIV,2.0
175,2010-12-01,Data/speeches/UK/IV 2010-12-01.json,HIV,2.0
176,2010-12-06,Data/speeches/UK/ome Department 2010-12-06.json,Home Department,2.0
177,2010-12-08,Data/tmp_text_files/UK/HOME OFFICE 2010-12-08.txt,,
178,2010-11-25,Data/speeches/UK/omelessness 2010-11-25.json,Homelessness,2.0
179,2010-11-30,Data/speeches/UK/ospital Chaplaincy 2010-11-30.json,Hospital Chaplaincy,2.0
180,2010-12-07,Data/speeches/UK/ospital Energy Consumption 2010-12-07.json,Hospital Energy Consumption,2.0
181,2010-11-24,Data/tmp_text_files/UK/House of Commons 2010-11-24.txt,,
182,2010-11-25,Data/tmp_text_files/UK/House of Commons 2010-11-25.txt,,
183,2010-11-29,Data/tmp_text_files/UK/House of Commons 2010-11-29.txt,,
184,2010-11-30,Data/tmp_text_files/UK/House of Commons 2010-11-30.txt,,
185,2010-12-01,Data/tmp_text_files/UK/House of Commons 2010-12-01.txt,,
186,2010-12-02,Data/tmp_text_files/UK/House of Commons 2010-12-02.txt,,
187,2010-12-03,Data/tmp_text_files/UK/House of Commons 2010-12-03.txt,,
188,2010-12-06,Data/tmp_text_files/UK/House of Commons 2010-12-06.txt,,
189,2010-12-07,Data/tmp_text_files/UK/House of Commons 2010-12-07.txt,,
190,2010-12-08,Data/tmp_text_files/UK/House of Commons 2010-12-08.txt,,
191,2010-12-09,Data/tmp_text_files/UK/House of Commons 2010-12-09.txt,,
192,2010-11-24,Data/speeches/UK/ouse of Commons Commission 2010-11-24.json,House of Commons Commission,2.0
193,2010-11-29,Data/speeches/UK/ouse of Commons Commission 2010-11-29 (1).json,House of Commons Commission,2.0
194,2010-11-29,Data/speeches/UK/ouse of Commons Commission 2010-11-29.json,House of Commons Commission,2.0
195,2010-11-24,Data/tmp_text_files/UK/House of Lords 2010-11-24.txt,,
196,2010-11-25,Data/tmp_text_files/UK/House of Lords 2010-11-25.txt,,
197,2010-11-29,Data/tmp_text_files/UK/House of Lords 2010-11-29.txt,,
198,2010-11-30,Data/tmp_text_files/UK/House of Lords 2010-11-30.txt,,
199,2010-12-01,Data/tmp_text_files/UK/House of Lords 2010-12-01.txt,,
200,2010-12-02,Data/tmp_text_files/UK/House of Lords 2010-12-02.txt,,
201,2010-12-03,Data/tmp_text_files/UK/House of Lords 2010-12-03.txt,,
202,2010-12-06,Data/tmp_text_files/UK/House of Lords 2010-12-06.txt,,
203,2010-12-07,Data/tmp_text_files/UK/House of Lords 2010-12-07.txt,,
204,2010-12-08,Data/tmp_text_files/UK/House of Lords 2010-12-08.txt,,
205,2010-12-09,Data/tmp_text_files/UK/House of Lords 2010-12-09.txt,,
206,2010-12-03,Data/speeches/UK/ouse of Lords Reform Bill [HL] 2010-12-03.json,House of Lords Reform Bill [HL],2.0
207,2010-11-29,Data/speeches/UK/ouse of Lords_ Elections 2010-11-29.json,House of Lords: Elections,2.0
208,2010-12-01,Data/speeches/UK/ouse of Lords_ Reform 2010-12-01.json,House of Lords: Reform,2.0
209,2010-12-09,Data/speeches/UK/ouses of Parliament_ Access during Demonstrations 2010-12-09.json,Houses of Parliament: Access during Demonstrations,2.0
210,2010-12-06,Data/speeches/UK/ousing Benefit 2010-12-06.json,Housing Benefit,2.0
211,2010-12-02,Data/speeches/UK/uman Rights 2010-12-02.json,Human Rights,2.0
212,2010-11-30,Data/speeches/UK/uman Trafficking 2010-11-30.json,Human Trafficking,2.0
213,2010-11-24,Data/speeches/UK/dentity Documents Bill 2010-11-24.json,Identity Documents Bill,2.0
214,2010-12-01,Data/speeches/UK/MF and World Bank_ Appointment Procedures 2010-12-01.json,IMF and World Bank: Appointment Procedures,2.0
215,2010-12-01,Data/speeches/UK/mmigration_ Detention of Children 2010-12-01.json,Immigration: Detention of Children,2.0
216,2010-12-02,Data/speeches/UK/mmigration_ Sham Marriages 2010-12-02.json,Immigration: Sham Marriages,2.0
217,2010-12-02,Data/speeches/UK/ncome-related Benefits (Subsidy to Authorities) (Temporary Accommodation) Amendment Order 2010 2010-12-02.json,Income-related Benefits (Subsidy to Authorities) (Temporary Accommodation) Amendment Order 2010,2.0
218,2010-11-29,Data/speeches/UK/ndependent Financial Advisers (Regulation) 2010-11-29.json,Independent Financial Advisers (Regulation),2.0
219,2010-12-02,Data/speeches/UK/ndependent Parliamentary Standards Authority 2010-12-02.json,Independent Parliamentary Standards Authority,2.0
220,2010-11-24,Data/speeches/UK/ndependent Retailers 2010-11-24.json,Independent Retailers,2.0
221,2010-12-09,Data/speeches/UK/nsurance Premiums (Flooding) 2010-12-09.json,Insurance Premiums (Flooding),2.0
222,2010-12-07,Data/speeches/UK/ntelligence and Security Committee 2010-12-07.json,Intelligence and Security Committee,2.0
223,2010-12-07,Data/speeches/UK/nterim Cancer Drugs Fund 2010-12-07.json,Interim Cancer Drugs Fund,2.0
224,2010-11-29,Data/speeches/UK/nternational Aid 2010-11-29.json,International Aid,2.0
225,2010-11-25,Data/tmp_text_files/UK/Introduction_ Lord Hennessy of Nympsfield 2010-11-25.txt,,
226,2010-11-25,Data/tmp_text_files/UK/Introduction_ The Lord Bishop of Oxford 2010-11-25.txt,,
227,2010-11-30,Data/speeches/UK/ran 2010-11-30.json,Iran,2.0
228,2010-12-07,Data/speeches/UK/VF Treatment 2010-12-07.json,IVF Treatment,2.0
229,2010-12-08,Data/speeches/UK/abour Statistics 2010-12-08.json,Labour Statistics,2.0
230,2010-11-29,Data/speeches/UK/eader of the House 2010-11-29 (1).json,Leader of the House,2.0
231,2010-11-29,Data/speeches/UK/eader of the House 2010-11-29.json,Leader of the House,2.0
232,2010-11-29,Data/speeches/UK/egal Aid 2010-11-29.json,Legal Aid,2.0
233,2010-11-24,Data/speeches/UK/esotho 2010-11-24.json,Lesotho,2.0
234,2010-11-25,Data/speeches/UK/iaison Committee_ Second Report 2010-11-25.json,Liaison Committee: Second Report,2.0
235,2010-12-01,Data/speeches/UK/ibel Law 2010-12-01.json,Libel Law,2.0
236,2010-11-29,Data/speeches/UK/ibrary Provision (CSR) 2010-11-29.json,Library Provision (CSR),2.0
237,2010-12-06,Data/speeches/UK/icensing 2010-12-06.json,Licensing,2.0
238,2010-12-02,Data/speeches/UK/inda Norgrove 2010-12-02.json,Linda Norgrove,2.0
239,2010-11-25,Data/speeches/UK/ocal Authority Expenditure 2010-11-25.json,Local Authority Expenditure,2.0
240,2010-11-25,Data/speeches/UK/ocal Authority Funding 2010-11-25 (1).json,Local Authority Funding,2.0
241,2010-11-25,Data/speeches/UK/ocal Authority Funding 2010-11-25.json,Local Authority Funding,2.0
242,2010-12-09,Data/speeches/UK/ocal Authority Grants_ Impact of Cuts 2010-12-09.json,Local Authority Grants: Impact of Cuts,2.0
243,2010-11-25,Data/speeches/UK/ocal Authority Powers 2010-11-25.json,Local Authority Powers,2.0
244,2010-12-02,Data/speeches/UK/ocal Authority Transport Schemes 2010-12-02.json,Local Authority Transport Schemes,2.0
245,2010-11-24,Data/tmp_text_files/UK/Local Elections (Northern Ireland)  Order 2010 2010-11-24.txt,,
246,2010-11-25,Data/tmp_text_files/UK/Local Government Bill [HL] 2010-11-25.txt,,
247,2010-11-25,Data/speeches/UK/ocal Government Bill [Lords] 2010-11-25.json,Local Government Bill [Lords],2.0
248,2010-11-30,Data/speeches/UK/ocal Government Boundaries 2010-11-30.json,Local Government Boundaries,2.0
249,2010-11-30,Data/speeches/UK/ocal Government Funding 2010-11-30.json,Local Government Funding,2.0
250,2010-12-06,Data/speeches/UK/ocal Government Funding 2010-12-06.json,Local Government Funding,2.0
251,2010-11-29,Data/speeches/UK/ocal Media 2010-11-29.json,Local Media,2.0
252,2010-11-25,Data/speeches/UK/ocalism Bill 2010-11-25.json,Localism Bill,2.0
253,2010-11-29,Data/speeches/UK/ondon Olympics (Sporting Legacy) 2010-11-29.json,London Olympics (Sporting Legacy),2.0
254,2010-11-24,Data/speeches/UK/ords Chamber 2010-11-24.json,Lords Chamber,2.0
255,2010-11-25,Data/speeches/UK/ords Chamber 2010-11-25.json,Lords Chamber,2.0
256,2010-11-29,Data/speeches/UK/ords Chamber 2010-11-29.json,Lords Chamber,2.0
257,2010-11-30,Data/speeches/UK/ords Chamber 2010-11-30.json,Lords Chamber,2.0
258,2010-12-01,Data/speeches/UK/ords Chamber 2010-12-01.json,Lords Chamber,2.0
259,2010-12-02,Data/speeches/UK/ords Chamber 2010-12-02.json,Lords Chamber,2.0
260,2010-12-03,Data/speeches/UK/ords Chamber 2010-12-03.json,Lords Chamber,2.0
261,2010-12-06,Data/speeches/UK/ords Chamber 2010-12-06.json,Lords Chamber,2.0
262,2010-12-07,Data/speeches/UK/ords Chamber 2010-12-07.json,Lords Chamber,2.0
263,2010-12-08,Data/speeches/UK/ords Chamber 2010-12-08.json,Lords Chamber,2.0
264,2010-12-09,Data/speeches/UK/ords Chamber 2010-12-09.json,Lords Chamber,2.0
265,2010-12-02,Data/speeches/UK/ow-emission Vehicles 2010-12-02.json,Low-emission Vehicles,2.0
266,2010-12-08,Data/speeches/UK/aritime and Coastguard Agency 2010-12-08.json,Maritime and Coastguard Agency,2.0
267,2010-11-30,Data/speeches/UK/arriage 2010-11-30.json,Marriage,2.0
268,2010-12-08,Data/speeches/UK/ental Health Services (Lancashire) 2010-12-08.json,Mental Health Services (Lancashire),2.0
269,2010-12-01,Data/speeches/UK/etal Theft 2010-12-01.json,Metal Theft,2.0
270,2010-11-30,Data/speeches/UK/inimum Wage 2010-11-30.json,Minimum Wage,2.0
271,2010-11-30,Data/speeches/UK/obility Scooters 2010-11-30.json,Mobility Scooters,2.0
272,2010-12-01,Data/speeches/UK/OD Hospital Unit 2010-12-01.json,MOD Hospital Unit,2.0
273,2010-11-25,Data/tmp_text_files/UK/Mutilations (Permitted Procedures) (England) (Amendment) Regulations 2010 2010-11-25.txt,,
274,2010-12-08,Data/speeches/UK/utilations (Permitted Procedures) (England) (Amendment) Regulations 2010 2010-12-08.json,Mutilations (Permitted Procedures) (England) (Amendment) Regulations 2010,2.0
275,2010-11-25,Data/tmp_text_files/UK/National Assembly for Wales (Legislative Competence) (Amendment of Schedule 7 to the Government of Wales Act 2006) Order 2010 2010-11-25.txt,,
276,2010-12-01,Data/speeches/UK/ational Assembly for Wales (Representation of the People) (Amendment) Order 2010 2010-12-01.json,National Assembly for Wales (Representation of the People) (Amendment) Order 2010,2.0
277,2010-11-25,Data/tmp_text_files/UK/National Assembly for Wales Referendum (Assembly Act Provisions) (Limit on Referendum Expenses Etc.) Order 2010 2010-11-25.txt,,
278,2010-11-25,"Data/speeches/UK/ational Assembly for Wales Referendum (Assembly Act Provisions) (Referendum Question, Date of Referendum Etc.) Order 2010 2010-11-25.json","National Assembly for Wales Referendum (Assembly Act Provisions) (Referendum Question, Date of Referendum Etc.) Order 2010",2.0
279,2010-12-08,Data/speeches/UK/ational Minimum Wage (Amendment) (No. 2) Regulations 2010 2010-12-08.json,National Minimum Wage (Amendment) (No. 2) Regulations 2010,2.0
280,2010-12-01,Data/speeches/UK/ational Policy Statements 2010-12-01.json,National Policy Statements,2.0
281,2010-12-06,Data/tmp_text_files/UK/National Security Strategy Committee 2010-12-06.txt,,
282,2010-11-29,Data/speeches/UK/etwork Services (Regional News) 2010-11-29.json,Network Services (Regional News),2.0
283,2010-12-07,Data/speeches/UK/euromuscular Conditions 2010-12-07.json,Neuromuscular Conditions,2.0
284,2010-11-25,Data/speeches/UK/ew Homes Bonus Scheme (Milton Keynes) 2010-11-25.json,New Homes Bonus Scheme (Milton Keynes),2.0
285,2010-12-07,Data/speeches/UK/HS Administration 2010-12-07 (1).json,NHS Administration,2.0
286,2010-12-07,Data/speeches/UK/HS Administration 2010-12-07.json,NHS Administration,2.0
287,2010-12-09,Data/speeches/UK/octon Dairies 2010-12-09.json,Nocton Dairies,2.0
288,2010-12-06,Data/speeches/UK/on-EU Immigration 2010-12-06.json,Non-EU Immigration,2.0
289,2010-11-25,Data/speeches/UK/orth Korea 2010-11-25.json,North Korea,2.0
290,2010-11-24,Data/speeches/UK/orthern Ireland Assembly (Elections) (Amendment) Order 2010 2010-11-24.json,Northern Ireland Assembly (Elections) (Amendment) Order 2010,2.0
291,2010-11-30,Data/tmp_text_files/UK/Opposition Day 2010-11-30.txt,,
292,2010-12-06,Data/tmp_text_files/UK/Opposition Day 2010-12-06.txt,,
293,2010-11-24,Data/speeches/UK/ral Answers to Questions 2010-11-24.json,Oral Answers to Questions,2.0
294,2010-11-25,Data/speeches/UK/ral Answers to Questions 2010-11-25.json,Oral Answers to Questions,2.0
295,2010-11-29,Data/speeches/UK/ral Answers to Questions 2010-11-29.json,Oral Answers to Questions,2.0
296,2010-11-30,Data/speeches/UK/ral Answers to Questions 2010-11-30.json,Oral Answers to Questions,2.0
297,2010-12-01,Data/speeches/UK/ral Answers to Questions 2010-12-01.json,Oral Answers to Questions,2.0
298,2010-12-02,Data/speeches/UK/ral Answers to Questions 2010-12-02.json,Oral Answers to Questions,2.0
299,2010-12-06,Data/speeches/UK/ral Answers to Questions 2010-12-06.json,Oral Answers to Questions,2.0
300,2010-12-07,Data/speeches/UK/ral Answers to Questions 2010-12-07.json,Oral Answers to Questions,2.0
301,2010-12-08,Data/speeches/UK/ral Answers to Questions 2010-12-08.json,Oral Answers to Questions,2.0
302,2010-12-09,Data/speeches/UK/ral Answers to Questions 2010-12-09.json,Oral Answers to Questions,2.0
303,2010-11-29,Data/speeches/UK/rientation Programmes (General Election) 2010-11-29.json,Orientation Programmes (General Election),2.0
304,2010-11-24,Data/speeches/UK/verseas Voluntary Sector 2010-11-24.json,Overseas Voluntary Sector,2.0
305,2010-12-08,Data/speeches/UK/verseas Voluntary Sector 2010-12-08.json,Overseas Voluntary Sector,2.0
306,2010-12-01,Data/speeches/UK/ACE (Stop and Search) 2010-12-01.json,PACE (Stop and Search),2.0
307,2010-11-29,Data/speeches/UK/alace of Westminster 2010-11-29.json,Palace of Westminster,2.0
308,2010-12-06,Data/speeches/UK/arliament Act 1911_ Centenary 2010-12-06.json,Parliament Act 1911: Centenary,2.0
309,2010-11-30,Data/speeches/UK/arliament Acts (Lords Reform) 2010-11-30.json,Parliament Acts (Lords Reform),2.0
310,2010-11-25,Data/speeches/UK/arliamentary Voting System and Constituencies Bill 2010-11-25.json,Parliamentary Voting System and Constituencies Bill,2.0
311,2010-11-30,Data/speeches/UK/arliamentary Voting System and Constituencies Bill 2010-11-30 (1).json,Parliamentary Voting System and Constituencies Bill,2.0
312,2010-11-30,Data/speeches/UK/arliamentary Voting System and Constituencies Bill 2010-11-30.json,Parliamentary Voting System and Constituencies Bill,2.0
313,2010-12-06,Data/speeches/UK/arliamentary Voting System and Constituencies Bill 2010-12-06 (1).json,Parliamentary Voting System and Constituencies Bill,2.0
314,2010-12-06,Data/speeches/UK/arliamentary Voting System and Constituencies Bill 2010-12-06.json,Parliamentary Voting System and Constituencies Bill,2.0
315,2010-12-08,Data/speeches/UK/arliamentary Voting System and Constituencies Bill 2010-12-08 (1).json,Parliamentary Voting System and Constituencies Bill,2.0
316,2010-12-08,Data/speeches/UK/arliamentary Voting System and Constituencies Bill 2010-12-08.json,Parliamentary Voting System and Constituencies Bill,2.0
317,2010-12-09,Data/speeches/UK/atient Confidentiality (Mentally Ill) 2010-12-09.json,Patient Confidentiality (Mentally Ill),2.0
318,2010-12-07,Data/speeches/UK/atient Information 2010-12-07.json,Patient Information,2.0
319,2010-11-24,Data/speeches/UK/ennine Lancashire Local Enterprise Partnership 2010-11-24.json,Pennine Lancashire Local Enterprise Partnership,2.0
320,2010-12-08,Data/tmp_text_files/UK/Petition 2010-12-08.txt,,
321,2010-12-09,Data/speeches/UK/etition 2010-12-09.json,Petition,2.0
322,2010-11-29,Data/speeches/UK/hilanthropy (Arts) 2010-11-29 (1).json,Philanthropy (Arts),2.0
323,2010-11-29,Data/speeches/UK/hilanthropy (Arts) 2010-11-29.json,Philanthropy (Arts),2.0
324,2010-12-02,Data/speeches/UK/hilanthropy 2010-12-02.json,Philanthropy,2.0
325,2010-12-09,Data/speeches/UK/itt Review 2010-12-09.json,Pitt Review,2.0
326,2010-11-25,Data/speeches/UK/oint of Order 2010-11-25.json,Point of Order,2.0
327,2010-12-01,Data/speeches/UK/oint of Order 2010-12-01.json,Point of Order,2.0
328,2010-11-24,Data/speeches/UK/oints of Order 2010-11-24.json,Points of Order,2.0
329,2010-11-29,Data/speeches/UK/oints of Order 2010-11-29.json,Points of Order,2.0
330,2010-11-30,Data/speeches/UK/oints of Order 2010-11-30.json,Points of Order,2.0
331,2010-12-06,Data/speeches/UK/oints of Order 2010-12-06.json,Points of Order,2.0
332,2010-12-07,Data/speeches/UK/oints of Order 2010-12-07.json,Points of Order,2.0
333,2010-12-08,Data/speeches/UK/oints of Order 2010-12-08.json,Points of Order,2.0
334,2010-12-09,Data/speeches/UK/oints of Order 2010-12-09.json,Points of Order,2.0
335,2010-11-25,Data/speeches/UK/olice 2010-11-25.json,Police,2.0
336,2010-12-06,Data/speeches/UK/olice Authority Funding 2010-12-06.json,Police Authority Funding,2.0
337,2010-12-08,Data/speeches/UK/olice Funding 2010-12-08.json,Police Funding,2.0
338,2010-12-06,Data/speeches/UK/olice Officer Numbers 2010-12-06.json,Police Officer Numbers,2.0
339,2010-12-06,Data/speeches/UK/olice_ Retirement 2010-12-06.json,Police: Retirement,2.0
340,2010-12-08,Data/speeches/UK/olicing 2010-12-08 (1).json,Policing,2.0
341,2010-12-08,Data/speeches/UK/olicing 2010-12-08 (2).json,Policing,2.0
342,2010-12-08,Data/speeches/UK/olicing 2010-12-08.json,Policing,2.0
343,2010-12-06,Data/speeches/UK/olicing Numbers 2010-12-06.json,Policing Numbers,2.0
344,2010-12-08,Data/speeches/UK/ost Office Network Subsidy Scheme (Amendment) Order 2010 2010-12-08.json,Post Office Network Subsidy Scheme (Amendment) Order 2010,2.0
345,2010-11-24,Data/tmp_text_files/UK/Prayers 2010-11-24.txt,,
346,2010-11-25,Data/tmp_text_files/UK/Prayers 2010-11-25.txt,,
347,2010-11-29,Data/tmp_text_files/UK/Prayers 2010-11-29.txt,,
348,2010-11-30,Data/tmp_text_files/UK/Prayers 2010-11-30.txt,,
349,2010-12-01,Data/tmp_text_files/UK/Prayers 2010-12-01.txt,,
350,2010-12-02,Data/tmp_text_files/UK/Prayers 2010-12-02.txt,,
351,2010-12-03,Data/tmp_text_files/UK/Prayers 2010-12-03.txt,,
352,2010-12-06,Data/tmp_text_files/UK/Prayers 2010-12-06.txt,,
353,2010-12-07,Data/tmp_text_files/UK/Prayers 2010-12-07.txt,,
354,2010-12-08,Data/tmp_text_files/UK/Prayers 2010-12-08.txt,,
355,2010-12-09,Data/tmp_text_files/UK/Prayers 2010-12-09.txt,,
356,2010-12-07,Data/speeches/UK/reventive Health Care 2010-12-07.json,Preventive Health Care,2.0
357,2010-12-09,Data/speeches/UK/rimates 2010-12-09.json,Primates,2.0
358,2010-11-24,Data/speeches/UK/rime Minister 2010-11-24.json,Prime Minister,2.0
359,2010-12-01,Data/speeches/UK/rime Minister 2010-12-01.json,Prime Minister,2.0
360,2010-12-08,Data/speeches/UK/rime Minister 2010-12-08.json,Prime Minister,2.0
361,2010-11-30,Data/speeches/UK/rivacy Law (Internet) 2010-11-30.json,Privacy Law (Internet),2.0
362,2010-11-29,Data/speeches/UK/rivate Members’ Bills 2010-11-29.json,Private Members’ Bills,2.0
363,2010-11-30,Data/speeches/UK/rovision of Epilepsy Services 2010-11-30.json,Provision of Epilepsy Services,2.0
364,2010-12-07,Data/speeches/UK/sychiatric Care (Deaths) 2010-12-07.json,Psychiatric Care (Deaths),2.0
365,2010-11-24,Data/speeches/UK/ublic Bodies 2010-11-24.json,Public Bodies,2.0
366,2010-11-29,Data/speeches/UK/ublic Bodies Bill [HL] 2010-11-29 (1).json,Public Bodies Bill [HL],2.0
367,2010-11-29,Data/speeches/UK/ublic Bodies Bill [HL] 2010-11-29.json,Public Bodies Bill [HL],2.0
368,2010-12-01,Data/speeches/UK/ublic Bodies Bill [HL] 2010-12-01 (1).json,Public Bodies Bill [HL],2.0
369,2010-12-01,Data/speeches/UK/ublic Bodies Bill [HL] 2010-12-01.json,Public Bodies Bill [HL],2.0
370,2010-11-30,Data/speeches/UK/ublic Health 2010-11-30.json,Public Health,2.0
371,2010-11-30,Data/speeches/UK/ublic Health White Paper 2010-11-30.json,Public Health White Paper,2.0
372,2010-12-01,Data/tmp_text_files/UK/Public Libraries and Museums Act 1964 (Amendment) 2010-12-01.txt,,
373,2010-12-02,Data/speeches/UK/ublic Libraries_ Funding 2010-12-02.json,Public Libraries: Funding,2.0
374,2010-11-24,Data/speeches/UK/ublic Sector Mutuals 2010-11-24.json,Public Sector Mutuals,2.0
375,2010-12-02,Data/speeches/UK/ublication of Information about Complaints against Members 2010-12-02.json,Publication of Information about Complaints against Members,2.0
376,2010-11-25,Data/speeches/UK/ail Investment 2010-11-25.json,Rail Investment,2.0
377,2010-12-07,Data/speeches/UK/ail Services (Erewash) 2010-12-07.json,Rail Services (Erewash),2.0
378,2010-12-08,Data/speeches/UK/ail Services (Nuneaton) 2010-12-08.json,Rail Services (Nuneaton),2.0
379,2010-12-08,Data/speeches/UK/ailways 2010-12-08.json,Railways,2.0
380,2010-11-25,Data/speeches/UK/ailways_ Investment 2010-11-25.json,Railways: Investment,2.0
381,2010-11-30,Data/speeches/UK/ailways_ Public Procurement 2010-11-30.json,Railways: Public Procurement,2.0
382,2010-11-30,Data/speeches/UK/ape 2010-11-30.json,Rape,2.0
383,2010-12-03,Data/speeches/UK/e-Export Controls Bill [HL] 2010-12-03.json,Re-Export Controls Bill [HL],2.0
384,2010-11-25,Data/speeches/UK/edundancy Costs (Local Authorities) 2010-11-25.json,Redundancy Costs (Local Authorities),2.0
385,2010-12-08,Data/speeches/UK/eferendum 2010-12-08.json,Referendum,2.0
386,2010-11-29,Data/speeches/UK/egional Theatre (CSR) 2010-11-29.json,Regional Theatre (CSR),2.0
387,2010-12-09,Data/speeches/UK/egulatory Burden (Farmers) 2010-12-09.json,Regulatory Burden (Farmers),2.0
388,2010-12-07,Data/speeches/UK/ehabilitation and Sentencing 2010-12-07 (1).json,Rehabilitation and Sentencing,2.0
389,2010-12-07,Data/speeches/UK/ehabilitation and Sentencing 2010-12-07.json,Rehabilitation and Sentencing,2.0
390,2010-11-25,Data/speeches/UK/esidential Property Tribunals (Park Homes) 2010-11-25.json,Residential Property Tribunals (Park Homes),2.0
391,2010-12-08,Data/speeches/UK/oad Safety (Financial Penalty Deposit) (Appropriate Amount) (Amendment) Order 2010 2010-12-08.json,Road Safety (Financial Penalty Deposit) (Appropriate Amount) (Amendment) Order 2010,2.0
392,2010-12-02,Data/speeches/UK/oad Safety 2010-12-02.json,Road Safety,2.0
393,2010-12-02,Data/speeches/UK/oads (Essex) 2010-12-02.json,Roads (Essex),2.0
394,2010-12-01,Data/speeches/UK/oads_ Long and Heavy Vehicles 2010-12-01.json,Roads: Long and Heavy Vehicles,2.0
395,2010-12-06,Data/speeches/UK/oyal Fleet Auxiliary 2010-12-06.json,Royal Fleet Auxiliary,2.0
396,2010-11-30,Data/speeches/UK/ural Areas 2010-11-30.json,Rural Areas,2.0
397,2010-12-09,Data/speeches/UK/ural Impact (CSR) 2010-12-09.json,Rural Impact (CSR),2.0
398,2010-12-09,Data/speeches/UK/ural Payments Agency 2010-12-09.json,Rural Payments Agency,2.0
399,2010-12-07,Data/tmp_text_files/UK/Safe Standing (Football Stadia) 2010-12-07.txt,,
400,2010-12-07,Data/speeches/UK/avings Accounts and Health in Pregnancy Grant Bill 2010-12-07.json,Savings Accounts and Health in Pregnancy Grant Bill,2.0
401,2010-11-30,Data/speeches/UK/chool Sports Funding 2010-11-30.json,School Sports Funding,2.0
402,2010-11-24,Data/speeches/UK/chools White Paper 2010-11-24 (1).json,Schools White Paper,2.0
403,2010-11-24,Data/speeches/UK/chools White Paper 2010-11-24.json,Schools White Paper,2.0
404,2010-12-06,Data/speeches/UK/chools_ Pupil Premium 2010-12-06.json,Schools: Pupil Premium,2.0
405,2010-12-01,Data/speeches/UK/cotch Whisky 2010-12-01.json,Scotch Whisky,2.0
406,2010-12-01,Data/speeches/UK/cotland 2010-12-01.json,Scotland,2.0
407,2010-12-09,Data/speeches/UK/cottish Parliament (Elections etc.) Order 2010 2010-12-09.json,Scottish Parliament (Elections etc.) Order 2010,2.0
408,2010-11-29,Data/speeches/UK/crutiny 2010-11-29.json,Scrutiny,2.0
409,2010-12-08,Data/speeches/UK/easide Towns (Regeneration) 2010-12-08.json,Seaside Towns (Regeneration),2.0
410,2010-12-06,Data/speeches/UK/ecurity Threats 2010-12-06.json,Security Threats,2.0
411,2010-11-25,Data/speeches/UK/exual Assault Referral Centres 2010-11-25.json,Sexual Assault Referral Centres,2.0
412,2010-11-30,Data/speeches/UK/horeline Management Plans 2010-11-30.json,Shoreline Management Plans,2.0
413,2010-12-07,Data/speeches/UK/inn Fein_ Parliamentary Oath of Allegiance 2010-12-07.json,Sinn Fein: Parliamentary Oath of Allegiance,2.0
414,2010-12-07,Data/speeches/UK/ocial Housing (Nottingham) 2010-12-07.json,Social Housing (Nottingham),2.0
415,2010-12-02,Data/speeches/UK/outh London Line 2010-12-02.json,South London Line,2.0
416,2010-11-29,Data/speeches/UK/peaker’s Conference 2010-11-29.json,Speaker’s Conference,2.0
417,2010-12-06,Data/tmp_text_files/UK/Speaker’s Statement 2010-12-06.txt,,
418,2010-12-09,Data/tmp_text_files/UK/Speaker’s Statement 2010-12-09.txt,,
419,2010-12-07,Data/speeches/UK/pecialist Children's Hospitals 2010-12-07.json,Specialist Children's Hospitals,2.0
420,2010-12-09,Data/speeches/UK/port_ Health and Well-being of Children and Young People 2010-12-09.json,Sport: Health and Well-being of Children and Young People,2.0
421,2010-11-25,Data/speeches/UK/quatters 2010-11-25.json,Squatters,2.0
422,2010-12-02,Data/speeches/UK/tandards in Public Life 2010-12-02.json,Standards in Public Life,2.0
423,2010-11-29,Data/speeches/UK/tanding Orders (Affirmative Resolution) 2010-11-29.json,Standing Orders (Affirmative Resolution),2.0
424,2010-12-02,Data/speeches/UK/tation Improvements 2010-12-02.json,Station Improvements,2.0
425,2010-12-06,Data/speeches/UK/tudent Visas 2010-12-06.json,Student Visas,2.0
426,2010-12-08,Data/speeches/UK/unbeds (Regulation) Act 2010-12-08.json,Sunbeds (Regulation) Act,2.0
427,2010-12-01,Data/speeches/UK/uperannuation Bill 2010-12-01.json,Superannuation Bill,2.0
428,2010-12-07,Data/speeches/UK/uperannuation Bill 2010-12-07.json,Superannuation Bill,2.0
429,2010-12-02,Data/speeches/UK/ustainable Local Transport 2010-12-02 (1).json,Sustainable Local Transport,2.0
430,2010-12-02,Data/speeches/UK/ustainable Local Transport 2010-12-02.json,Sustainable Local Transport,2.0
431,2010-12-02,Data/speeches/UK/hameslink 2010-12-02.json,Thameslink,2.0
432,2010-12-09,Data/speeches/UK/he Future of Pubs 2010-12-09.json,The Future of Pubs,2.0
433,2010-11-25,Data/speeches/UK/opical Questions 2010-11-25.json,Topical Questions,2.0
434,2010-11-29,Data/speeches/UK/opical Questions 2010-11-29.json,Topical Questions,2.0
435,2010-11-30,Data/speeches/UK/opical Questions 2010-11-30.json,Topical Questions,2.0
436,2010-12-02,Data/speeches/UK/opical Questions 2010-12-02.json,Topical Questions,2.0
437,2010-12-06,Data/speeches/UK/opical Questions 2010-12-06.json,Topical Questions,2.0
438,2010-12-07,Data/speeches/UK/opical Questions 2010-12-07.json,Topical Questions,2.0
439,2010-12-09,Data/speeches/UK/opical Questions 2010-12-09.json,Topical Questions,2.0
440,2010-11-24,Data/tmp_text_files/UK/Torture (Damages) Bill [HL] 2010-11-24.txt,,
441,2010-12-08,Data/speeches/UK/ote 2010-12-08.json,Tote,2.0
442,2010-11-29,Data/speeches/UK/ourism Industry (Eastbourne) 2010-11-29.json,Tourism Industry (Eastbourne),2.0
443,2010-11-29,Data/speeches/UK/ourism Industry (Wells) 2010-11-29.json,Tourism Industry (Wells),2.0
444,2010-12-02,Data/speeches/UK/rain Overcrowding 2010-12-02.json,Train Overcrowding,2.0
445,2010-11-25,Data/speeches/UK/ransport (CSR) 2010-11-25.json,Transport (CSR),2.0
446,2010-11-29,Data/speeches/UK/ransport (London Olympics) 2010-11-29.json,Transport (London Olympics),2.0
447,2010-12-02,Data/speeches/UK/ransport 2010-12-02.json,Transport,2.0
448,2010-12-09,Data/speeches/UK/ree Planting 2010-12-09.json,Tree Planting,2.0
449,2010-12-07,Data/speeches/UK/uberculosis 2010-12-07.json,Tuberculosis,2.0
450,2010-11-30,Data/speeches/UK/uition Fees 2010-11-30.json,Tuition Fees,2.0
451,2010-12-03,Data/speeches/UK/urks and Caicos Islands 2010-12-03.json,Turks and Caicos Islands,2.0
452,2010-11-30,Data/speeches/UK/K Citizens (Voting Abroad) 2010-11-30.json,UK Citizens (Voting Abroad),2.0
453,2010-12-02,Data/speeches/UK/K Passport Contract 2010-12-02.json,UK Passport Contract,2.0
454,2010-11-25,Data/speeches/UK/K Veterans Administration 2010-11-25.json,UK Veterans Administration,2.0
455,2010-11-25,Data/speeches/UK/nauthorised Encampments 2010-11-25.json,Unauthorised Encampments,2.0
456,2010-11-29,Data/speeches/UK/niversal Broadband Service 2010-11-29.json,Universal Broadband Service,2.0
457,2010-11-30,Data/speeches/UK/N_ Death Penalty 2010-11-30.json,UN: Death Penalty,2.0
458,2010-11-24,Data/speeches/UK/N_ Security Council Composition 2010-11-24.json,UN: Security Council Composition,2.0
459,2010-12-01,Data/speeches/UK/AT 2010-12-01.json,VAT,2.0
460,2010-11-30,Data/speeches/UK/ictim Support (CSR) 2010-11-30.json,Victim Support (CSR),2.0
461,2010-11-25,Data/speeches/UK/iolence Against Women 2010-11-25.json,Violence Against Women,2.0
462,2010-11-24,Data/speeches/UK/oluntary Sector Organisations 2010-11-24.json,Voluntary Sector Organisations,2.0
463,2010-12-08,Data/tmp_text_files/UK/VOTE ON ACCOUNT 2011-12 2010-12-08.txt,,
464,2010-12-07,Data/speeches/UK/aiting Times 2010-12-07.json,Waiting Times,2.0
465,2010-12-08,Data/speeches/UK/ales 2010-12-08.json,Wales,2.0
466,2010-11-30,Data/speeches/UK/edgwood Museum 2010-11-30.json,Wedgwood Museum,2.0
467,2010-12-08,Data/speeches/UK/elfare of Farmed Animals (England) (Amendment) Regulations 2010 2010-12-08.json,Welfare of Farmed Animals (England) (Amendment) Regulations 2010,2.0
468,2010-12-08,Data/speeches/UK/elfare Reform 2010-12-08.json,Welfare Reform,2.0
469,2010-11-24,Data/speeches/UK/ell-being 2010-11-24.json,Well-being,2.0
470,2010-11-29,Data/speeches/UK/elsh Grand Committee 2010-11-29.json,Welsh Grand Committee,2.0
471,2010-11-25,Data/speeches/UK/estern Sahara 2010-11-25.json,Western Sahara,2.0
472,2010-11-24,Data/speeches/UK/estminster Hall 2010-11-24 (1).json,Westminster Hall,2.0
473,2010-11-24,Data/tmp_text_files/UK/Westminster Hall 2010-11-24.txt,,
474,2010-11-25,Data/speeches/UK/estminster Hall 2010-11-25 (1).json,Westminster Hall,2.0
475,2010-11-25,Data/tmp_text_files/UK/Westminster Hall 2010-11-25.txt,,
476,2010-11-30,Data/speeches/UK/estminster Hall 2010-11-30 (1).json,Westminster Hall,2.0
477,2010-11-30,Data/tmp_text_files/UK/Westminster Hall 2010-11-30.txt,,
478,2010-12-01,Data/speeches/UK/estminster Hall 2010-12-01 (1).json,Westminster Hall,2.0
479,2010-12-01,Data/tmp_text_files/UK/Westminster Hall 2010-12-01.txt,,
480,2010-12-02,Data/speeches/UK/estminster Hall 2010-12-02 (1).json,Westminster Hall,2.0
481,2010-12-02,Data/tmp_text_files/UK/Westminster Hall 2010-12-02.txt,,
482,2010-12-07,Data/speeches/UK/estminster Hall 2010-12-07 (1).json,Westminster Hall,2.0
483,2010-12-07,Data/tmp_text_files/UK/Westminster Hall 2010-12-07.txt,,
484,2010-12-08,Data/speeches/UK/estminster Hall 2010-12-08 (1).json,Westminster Hall,2.0
485,2010-12-08,Data/tmp_text_files/UK/Westminster Hall 2010-12-08.txt,,
486,2010-12-09,Data/speeches/UK/estminster Hall 2010-12-09 (1).json,Westminster Hall,2.0
487,2010-12-09,Data/tmp_text_files/UK/Westminster Hall 2010-12-09.txt,,
488,2010-12-02,Data/speeches/UK/inter Weather 2010-12-02.json,Winter Weather,2.0
489,2010-11-30,Data/speeches/UK/itness Care Units 2010-11-30.json,Witness Care Units,2.0
490,2010-12-02,Data/speeches/UK/omen and Equalities 2010-12-02.json,Women and Equalities,2.0
491,2010-12-08,Data/speeches/UK/orld Cup_ Football 2010-12-08.json,World Cup: Football,2.0
492,2010-11-30,Data/speeches/UK/oung People (Electoral Register) 2010-11-30.json,Young People (Electoral Register),2.0
493,2010-12-06,Data/speeches/UK/oung People (Sexualisation) 2010-12-06.json,Young People (Sexualisation),2.0
494,2010-12-08,Data/speeches/UK/outh Justice Board 2010-12-08.json,Youth Justice Board,2.0
495,2010-12-06,Data/speeches/UK/outh Services 2010-12-06.json,Youth Services,2.0
496,2010-12-08,Data/speeches/UK/outh Sport Trust 2010-12-08.json,Youth Sport Trust,2.0
497,2010-12-08,Data/speeches/UK/imbabwe 2010-12-08.json,Zimbabwe,2.0
